{
	"pages": [
		{
			"path": "pages/patient-list/index",
			"style": {
				"navigationBarTitleText": "患者",
				"titleNView": false
			}
		},
		{
			"path": "pages/login/index",
			"style": {
				"navigationBarTitleText": "登录",
				"titleNView": false
			}
		},
		{
			"path": "pages/statistics/index",
			"style": {
				"navigationBarTitleText": "统计",
				"titleNView": false
			}
		},
		{
			"path": "pages/my/index",
			"style": {
				"navigationBarTitleText": "我的",
				"titleNView": false
			}
		}
	],
	"globalStyle": {
		"navigationBarTextStyle": "black",
		"navigationBarTitleText": "uni-app",
		"navigationBarBackgroundColor": "#F8F8F8",
		"backgroundColor": "#F8F8F8"

	},
	"tabBar":{
		"color": "#7A7E83",
		"selectedColor": "#3cc51f",
		"borderStyle": "black",
		"backgroundColor": "#ffffff",
		"height": "50px",
		"fontSize": "10px",
		"iconWidth": "24px",
		"spacing": "3px",
		"list": [
			{
				"pagePath": "pages/patient-list/index",
				"iconPath": "/static/nav/patient.png",
		        "selectedIconPath": "/static/nav/patient-selected.png",
				"text": "患者"
			},
			{
				"pagePath": "pages/statistics/index",
				"iconPath": "/static/nav/static.png",
		        "selectedIconPath": "/static/nav/static-selected.png",
				"text": "统计"
			},
			{
				"pagePath": "pages/my/index",
				"iconPath": "/static/nav/my.png",
		        "selectedIconPath": "/static/nav/my-selected.png",
				"text": "我的"
			}

	],
		"midButton": {
			"width": "80px",
			"height": "50px",
			"text": "文字"
		}
	}
}
